date,source,page_views,sessions,bounce_rate,likes,shares,comments
2025-06-12,LinkedIn,20173.0,4866.0,50.94,8942.0,1249.0,2553.0
2025-06-25,Facebook,23636.0,8595.0,30.64,2672.0,3195.0,1184.0
2025-06-09,Instagram,9454.0,1277.0,92.29,6133.0,529.0,2490.0
2025-07-12,Twitter,21225.0,17803.0,13.7,319.0,3559.0,420.0
2025-05-09,Instagram,296.0,,10.93,8655.0,1527.0,2192.0
2025-05-16,Twitter,23663.0,15006.0,32.32,7199.0,3085.0,1085.0
2025-05-27,Facebook,OGfBDE9c,15.0,91.36,5612.0,3384.0,1888.0
2025-05-21,Facebook,19150.0,5075.0,89.1,606.0,1594.0,
2025-07-01,Facebook,14859.0,10968.0,55.88,2075.0,2797.0,1598.0
2025-06-03,Website,19518.0,8231.0,57.82,7706.0,2255.0,2211.0
2025-05-23,Facebook,15291.0,1313.0,83.67,6251.0,2280.0,1335.0
2025-05-01,LinkedIn,38561.0,35444.0,3.34,8229.0,1766.0,1649.0
2025-06-14,LinkedIn,5714.0,4319.0,83.23,8975.0,2380.0,144.0
2025-04-29,Instagram,9223.0,3901.0,10.55,8771.0,1695.0,2408.0
2025-07-09,Facebook,44783.0,4346.0,65.1,3182.0,2283.0,1876.0
2025-04-19,Instagram,38565.0,16618.0,49.17,1387.0,542.0,2343.0
2025-06-24,Website,18133.0,17203.0,44.89,7709.0,1139.0,1356.0
2025-06-23,Instagram,2058.0,1334.0,38.13,4037.0,1495.0,2973.0
2025-05-04,Twitter,34202.0,13407.0,24.13,5878.0,4829.0,1693.0
2025-06-01,Website,46393.0,42961.0,44.39,9573.0,2510.0,825.0
2025-06-03,Twitter,4596.0,2913.0,72.32,4505.0,1524.0,726.0
,Instagram,22408.0,14288.0,18.15,48.0,1720.0,951.0
2025-07-02,LinkedIn,36127.0,12302.0,28.03,3655.0,2721.0,1470.0
2025-06-16,Facebook,2005.0,1655.0,89.16,2584.0,40.0,1349.0
2025-06-16,Instagram,23815.0,18671.0,95.84,5403.0,2082.0,1055.0
2025-05-07,Twitter,15201.0,11289.0,39.32,7802.0,3564.0,56.0
2025-05-30,Facebook,45057.0,11161.0,37.66,7873.0,293.0,1847.0
2025-06-19,Facebook,20183.0,2468.0,56.91,3603.0,4364.0,698.0
2025-06-19,Website,9459.0,8587.0,65.52,1203.0,909.0,1291.0
2025-05-26,Facebook,20965.0,15136.0,10.76,8750.0,2648.0,481.0
2025-06-19,Website,5286.0,268.0,82.1,1449.0,4522.0,208.0
2025-05-02,Facebook,38456.0,28663.0,3.23,7503.0,3011.0,931.0
2025-06-26,LinkedIn,32232.0,,2.38,8934.0,2583.0,1242.0
2025-07-11,Website,43690.0,12656.0,71.87,7248.0,4466.0,2382.0
2025-04-22,Twitter,46541.0,32089.0,34.12,5655.0,2890.0,27.0
2025-06-17,Facebook,37466.0,11345.0,34.9,8448.0,2943.0,2713.0
2025-05-15,Facebook,18274.0,16252.0,,4601.0,87.0,2106.0
2025-05-15,LinkedIn,6009.0,96.0,56.04,8475.0,2173.0,1412.0
2025-06-07,LinkedIn,5294.0,1730.0,61.2,7053.0,311.0,960.0
2025-04-28,LinkedIn,11046.0,7787.0,60.98,5220.0,979.0,264.0
2025-06-08,LinkedIn,36750.0,4933.0,59.91,3322.0,4462.0,2828.0
2025-04-18,Website,31118.0,5165.0,97.82,8342.0,3103.0,2926.0
2025-05-18,LinkedIn,4468.0,1033.0,30.42,7438.0,1365.0,2281.0
2025-06-18,Facebook,15193.0,13292.0,94.43,4646.0,2717.0,2543.0
2025-05-28,Website,43566.0,40553.0,2.7,8521.0,3517.0,1544.0
,Facebook,39349.0,2416.0,17.57,8378.0,2216.0,824.0
2025-04-25,Website,45791.0,23498.0,43.02,8054.0,2240.0,1171.0
2025-05-20,Instagram,5202.0,4065.0,39.52,3909.0,4458.0,2595.0
2025-05-11,Instagram,10424.0,1420.0,55.73,499.0,4092.0,2752.0
2025-06-23,Twitter,44685.0,1148.0,68.37,7900.0,4976.0,2689.0
2025-05-13,Instagram,9111.0,9046.0,56.89,5977.0,4796.0,369.0
2025-07-11,Instagram,26208.0,23787.0,34.91,146.0,4500.0,1893.0
2025-06-28,Website,3793.0,3145.0,69.15,7734.0,3096.0,582.0
2025-06-07,Twitter,34954.0,4005.0,95.86,1409.0,3836.0,635.0
2025-06-14,Instagram,38161.0,23618.0,2.85,8649.0,308.0,1257.0
2025-05-27,LinkedIn,15548.0,13770.0,86.44,4826.0,2681.0,932.0
2025-06-19,Instagram,43805.0,7567.0,3.83,8778.0,3042.0,1769.0
2025-06-14,Twitter,6866.0,2825.0,94.48,1686.0,4639.0,1950.0
2025-05-11,Instagram,44825.0,11579.0,95.32,5046.0,564.0,1996.0
2025-06-07,Facebook,13223.0,1904.0,82.16,3421.0,3405.0,102.0
2025-05-10,Twitter,47506.0,15961.0,63.14,1936.0,702.0,1859.0
2025-06-05,Instagram,19975.0,4426.0,62.5,5076.0,237.0,2272.0
2025-04-15,LinkedIn,41043.0,23497.0,64.09,6019.0,541.0,447.0
2025-06-25,LinkedIn,9544.0,6370.0,48.46,4386.0,3537.0,2947.0
2025-05-22,Instagram,24923.0,1078.0,91.54,9955.0,4941.0,1134.0
2025-05-30,Twitter,1402.0,897.0,50.41,5453.0,2102.0,1840.0
2025-04-16,LinkedIn,46796.0,16256.0,59.25,5099.0,423.0,1333.0
2025-05-29,,25060.0,24753.0,25.77,4022.0,599.0,776.0
2025-06-10,LinkedIn,30497.0,3648.0,52.74,3927.0,4134.0,1906.0
2025-05-27,Twitter,10374.0,7366.0,65.94,8608.0,1640.0,340.0
2025-05-14,Instagram,41982.0,7868.0,82.55,7934.0,1669.0,2490.0
2025-05-26,LinkedIn,45856.0,26106.0,78.14,2711.0,2557.0,2354.0
2025-05-29,Website,38383.0,22315.0,18.63,4846.0,2312.0,2286.0
2025-07-09,Instagram,42727.0,37234.0,68.21,8769.0,2785.0,664.0
2025-07-10,Twitter,45128.0,1754.0,19.63,498.0,3550.0,1713.0
2025-07-04,Website,21326.0,18830.0,71.46,9550.0,4764.0,740.0
2025-06-06,Facebook,44307.0,21823.0,28.72,1610.0,2271.0,1738.0
2025-04-22,Instagram,40916.0,18300.0,42.95,1679.0,1547.0,107.0
2025-05-13,Website,45075.0,37216.0,0.38,8068.0,1718.0,2962.0
2025-06-24,Instagram,22553.0,4177.0,53.89,4784.0,1388.0,122.0
2025-04-16,LinkedIn,11009.0,2575.0,20.55,6112.0,2349.0,1857.0
2025-05-14,LinkedIn,29517.0,8800.0,24.37,6697.0,2802.0,1698.0
2025-05-13,LinkedIn,44764.0,23817.0,55.1,7713.0,1546.0,475.0
2025-07-04,Website,35630.0,18555.0,73.07,1590.0,2961.0,2019.0
2025-04-23,Facebook,49763.0,11635.0,50.65,2614.0,492.0,1406.0
2025-06-21,Facebook,19088.0,1796.0,55.06,2467.0,955.0,2607.0
2025-05-22,LinkedIn,20839.0,6581.0,32.75,463.0,1826.0,1257.0
2025-06-02,Twitter,29979.0,9504.0,29.38,3901.0,3680.0,2154.0
2025-05-31,LinkedIn,3418.0,1646.0,74.14,8364.0,3491.0,1329.0
2025-05-05,Website,1368.0,1207.0,56.93,1109.0,742.0,264.0
2025-04-29,LinkedIn,38922.0,27992.0,25.88,5272.0,2129.0,222.0
2025-06-28,Website,13064.0,3265.0,65.93,966.0,53.0,239.0
2025-05-22,LinkedIn,26417.0,5272.0,58.35,3348.0,3055.0,824.0
2025-06-05,Instagram,45660.0,32505.0,70.9,690.0,3528.0,833.0
2025-06-21,Website,34929.0,17184.0,36.55,5084.0,3955.0,607.0
2025-06-15,LinkedIn,33447.0,3815.0,45.25,4868.0,2206.0,945.0
2025-05-01,Instagram,49983.0,46562.0,20.47,4045.0,1858.0,129.0
2025-06-23,Twitter,7718.0,2468.0,90.44,6221.0,446.0,17.0
2025-05-10,Instagram,40538.0,37003.0,58.38,7701.0,4357.0,2566.0
2025-05-04,Twitter,35834.0,1681.0,20.87,5034.0,384.0,
2025-04-23,LinkedIn,30977.0,17018.0,82.14,5956.0,2324.0,1666.0
2025-04-21,Twitter,40428.0,12971.0,11.82,3677.0,2640.0,1025.0
2025-06-25,Website,45855.0,42402.0,96.08,8888.0,4963.0,758.0
2025-07-09,LinkedIn,9225.0,3507.0,80.81,3187.0,3904.0,69.0
2025-05-09,Facebook,37731.0,22736.0,57.37,8044.0,1802.0,2441.0
2025-04-25,Website,16694.0,2121.0,9.18,2523.0,893.0,2717.0
2025-06-01,Website,15304.0,12844.0,27.49,5540.0,3936.0,1547.0
2025-06-09,Website,26211.0,10004.0,70.67,2607.0,4452.0,2862.0
2025-06-28,Instagram,39879.0,,24.93,5640.0,1375.0,2222.0
2025-07-05,LinkedIn,5936.0,4217.0,93.12,7554.0,1176.0,2467.0
2025-06-28,Facebook,13721.0,3906.0,87.62,1113.0,3489.0,1878.0
2025-05-11,Website,21693.0,2079.0,73.54,3265.0,1960.0,1330.0
2025-05-05,Instagram,48446.0,36.0,26.71,7432.0,1454.0,439.0
2025-05-22,Website,12056.0,8201.0,79.31,9964.0,613.0,2259.0
2025-07-11,Facebook,26694.0,19364.0,57.59,5688.0,1184.0,891.0
2025-04-22,Website,40362.0,12660.0,33.08,8024.0,1680.0,2031.0
2025-05-25,LinkedIn,25670.0,23170.0,0.4,8976.0,1126.0,182.0
2025-06-23,Facebook,16029.0,65.0,23.98,676.0,2267.0,2916.0
2025-07-03,LinkedIn,21996.0,6781.0,41.46,5003.0,1592.0,2545.0
2025-06-28,Twitter,13473.0,7189.0,27.73,4579.0,1020.0,2318.0
2025-06-14,LinkedIn,32230.0,27858.0,5.14,2777.0,1803.0,2760.0
,Facebook,39293.0,15287.0,76.14,3456.0,306.0,171.0
2025-05-02,LinkedIn,36488.0,16757.0,61.8,2165.0,1644.0,2111.0
2025-04-24,Website,36892.0,33171.0,62.36,951.0,3657.0,1281.0
2025-06-04,Website,23907.0,11994.0,47.7,8881.0,3456.0,jYFnRP7f
2025-05-26,Website,22629.0,5424.0,7.17,2092.0,1528.0,2177.0
2025-06-12,Twitter,44028.0,26520.0,31.34,9699.0,1981.0,274.0
2025-07-04,Twitter,4700.0,4578.0,1.47,803.0,2091.0,2676.0
2025-06-27,Website,42505.0,6381.0,57.99,4195.0,4097.0,1833.0
2025-05-27,LinkedIn,47850.0,27688.0,23.74,4005.0,639.0,1120.0
2025-07-01,Instagram,1303.0,810.0,97.23,500.0,4295.0,1854.0
2025-06-27,Instagram,11490.0,7616.0,98.62,3649.0,3273.0,1642.0
2025-04-24,Twitter,37537.0,5102.0,50.23,1638.0,3079.0,2603.0
2025-06-05,Twitter,464.0,271.0,21.9,6495.0,4786.0,1133.0
2025-05-19,LinkedIn,,29915.0,76.4,21.0,1932.0,1901.0
2025-06-19,LinkedIn,27871.0,17017.0,84.5,3855.0,4422.0,2966.0
2025-07-12,Website,44959.0,12873.0,88.44,9866.0,215.0,2974.0
2025-07-08,LinkedIn,35977.0,13223.0,15.11,2972.0,87.0,2881.0
2025-05-03,Website,30372.0,20624.0,92.69,554.0,4213.0,306.0
2025-07-01,Website,13517.0,4247.0,69.65,3432.0,1657.0,88.0
2025-07-01,Instagram,2316.0,1464.0,95.76,2143.0,328.0,527.0
2025-05-17,Twitter,41407.0,27240.0,8.76,6979.0,4250.0,1681.0
2025-06-26,,48295.0,31006.0,10.59,8464.0,458.0,1771.0
2025-05-25,Instagram,18629.0,3261.0,52.75,2817.0,4460.0,198.0
2025-04-22,Website,17460.0,4116.0,58.26,6648.0,VAmA7Zur,1178.0
2025-06-17,Instagram,37029.0,29503.0,49.3,580.0,3415.0,1781.0
2025-06-29,Website,16044.0,,54.72,8157.0,2174.0,2504.0
2025-06-07,LinkedIn,66.0,42.0,35.27,6014.0,2579.0,2255.0
2025-07-12,Instagram,47192.0,27624.0,34.44,3969.0,949.0,2346.0
2025-07-03,,22630.0,8559.0,20.1,1123.0,610.0,2906.0
2025-04-25,LinkedIn,44265.0,18173.0,52.09,9833.0,3152.0,406.0
2025-06-22,Website,8187.0,3300.0,22.45,2930.0,3587.0,2733.0
2025-05-05,LinkedIn,15217.0,,90.7,8084.0,1387.0,1002.0
2025-06-29,Website,33416.0,927.0,52.56,7187.0,1766.0,813.0
2025-06-29,Twitter,40551.0,22526.0,73.46,351.0,1934.0,2064.0
2025-06-06,Facebook,3223.0,212.0,43.99,6281.0,1475.0,2716.0
2025-05-21,Website,46672.0,46246.0,84.95,6088.0,4902.0,1692.0
2025-04-17,Twitter,16932.0,13481.0,18.92,1910.0,2291.0,2827.0
2025-04-26,LinkedIn,974.0,455.0,91.89,1222.0,4272.0,1438.0
2025-05-30,LinkedIn,22204.0,15403.0,5.83,7118.0,3224.0,1128.0
2025-05-04,Facebook,18545.0,18441.0,70.29,6769.0,1888.0,2574.0
2025-06-08,Twitter,48269.0,46725.0,69.74,8373.0,798.0,308.0
2025-05-02,LinkedIn,9011.0,1846.0,2.29,2872.0,2258.0,1870.0
2025-06-12,Facebook,33703.0,17307.0,53.54,6013.0,3583.0,158.0
2025-05-10,Website,30477.0,21333.0,36.35,5256.0,3530.0,351.0
2025-05-24,Website,10335.0,3737.0,48.36,104.0,1876.0,1655.0
2025-07-13,Website,13489.0,3144.0,99.57,9018.0,1225.0,533.0
2025-04-27,Twitter,20708.0,14235.0,30.78,6308.0,3885.0,475.0
2025-07-11,Twitter,39878.0,7528.0,87.85,2567.0,961.0,923.0
2025-04-25,Website,10406.0,7416.0,54.42,751.0,1010.0,1727.0
2025-05-16,Twitter,9720.0,304.0,47.37,7246.0,1953.0,1187.0
2025-05-29,Instagram,21482.0,9137.0,65.15,678.0,2099.0,2422.0
2025-06-23,Twitter,10909.0,,96.46,2588.0,895.0,2441.0
2025-07-06,Website,33774.0,3965.0,71.46,5808.0,1189.0,2878.0
2025-06-13,Facebook,33257.0,14321.0,40.75,4119.0,4634.0,2319.0
2025-05-12,Website,13504.0,10634.0,19.28,7548.0,502.0,1818.0
2025-05-04,Instagram,11948.0,8510.0,57.44,7555.0,4027.0,143.0
2025-07-05,Instagram,41650.0,3325.0,54.75,3175.0,3530.0,662.0
2025-06-06,Website,20136.0,1626.0,78.88,7544.0,3965.0,2035.0
2025-05-05,Website,36559.0,19783.0,48.28,1056.0,564.0,2850.0
2025-07-10,Instagram,33420.0,15065.0,0.35,2282.0,1252.0,812.0
2025-06-02,Instagram,12450.0,12073.0,94.49,6644.0,4122.0,2784.0
2025-07-01,Website,35580.0,22413.0,41.82,9932.0,2303.0,822.0
2025-05-11,SB0mqWy3,11431.0,5082.0,66.52,1872.0,1572.0,1898.0
2025-07-02,Website,15189.0,,46.39,5494.0,545.0,318.0
2025-06-19,Facebook,24517.0,1602.0,28.35,6992.0,4790.0,964.0
2025-06-21,Website,39675.0,20465.0,85.17,4534.0,3590.0,1867.0
2025-05-14,Website,19537.0,19110.0,98.4,2835.0,1041.0,2731.0
2025-05-05,Website,42229.0,35375.0,63.49,6481.0,4740.0,2531.0
2025-06-02,Instagram,20063.0,16192.0,76.0,gW86tHPx,4134.0,843.0
2025-06-13,LinkedIn,30822.0,18951.0,73.18,3969.0,4063.0,813.0
2025-07-07,Website,29087.0,3918.0,98.63,373.0,406.0,1196.0
2025-05-22,Instagram,47440.0,41841.0,84.72,5728.0,2095.0,1359.0
2025-07-03,Facebook,27394.0,14712.0,97.79,4403.0,3201.0,1711.0
2025-05-24,Instagram,17720.0,9355.0,52.09,6427.0,2586.0,1478.0
2025-05-23,Website,39814.0,4691.0,92.32,6313.0,4551.0,1025.0
2025-04-21,Website,,43901.0,1.31,1738.0,260.0,1984.0
2025-06-01,Instagram,4578.0,2425.0,61.73,5291.0,673.0,320.0
2025-06-28,Website,29626.0,8189.0,65.68,8605.0,2189.0,2123.0
2025-06-01,Instagram,39591.0,4080.0,86.33,719.0,3669.0,482.0
2025-05-01,Website,46947.0,44121.0,88.45,372.0,3648.0,2364.0
2025-05-08,Instagram,21783.0,1865.0,45.0,7325.0,3601.0,939.0
2025-04-24,Website,144.0,106.0,20.85,5337.0,33.0,522.0
2025-04-24,Website,20044.0,1781.0,53.11,7136.0,4754.0,2886.0
2025-05-19,Website,36602.0,1811.0,6.82,3407.0,3378.0,1683.0
,Instagram,1475.0,149.0,14.62,1159.0,500.0,17.0
2025-04-16,Twitter,17499.0,10631.0,14.43,7207.0,711.0,1948.0
2025-06-05,Instagram,26910.0,25676.0,25.72,6080.0,753.0,314.0
2025-05-02,Twitter,19906.0,11411.0,40.46,3482.0,3522.0,2391.0
2025-06-28,LinkedIn,36111.0,14578.0,51.7,2560.0,2442.0,1823.0
2025-06-20,Facebook,16372.0,9639.0,18.66,765.0,1519.0,120.0
2025-04-25,Facebook,13899.0,12582.0,69.06,1168.0,1356.0,1352.0
2025-05-29,LinkedIn,29953.0,26222.0,74.95,3564.0,2355.0,1241.0
2025-07-08,Website,27105.0,15608.0,26.53,7651.0,2478.0,2456.0
2025-05-28,Instagram,28765.0,18718.0,26.44,4095.0,2525.0,2368.0
2025-07-10,LinkedIn,48175.0,41096.0,48.86,1859.0,4487.0,1596.0
2025-05-29,Website,22644.0,18829.0,48.65,2919.0,4260.0,2935.0
2025-05-25,Facebook,10855.0,3300.0,46.33,4862.0,4857.0,2093.0
2025-06-15,Facebook,14546.0,11282.0,82.75,3527.0,4743.0,2429.0
2025-07-10,Website,32818.0,3068.0,36.34,696.0,2025.0,1045.0
2025-06-28,Twitter,49703.0,22650.0,85.6,1662.0,2946.0,2461.0
2025-04-29,Twitter,8594.0,3585.0,79.89,524.0,1731.0,1928.0
2025-07-07,Instagram,38035.0,8585.0,85.54,5980.0,3031.0,1977.0
2025-06-09,Facebook,12089.0,949.0,22.28,1141.0,4506.0,2382.0
2025-06-14,Twitter,22568.0,7585.0,74.04,4265.0,1703.0,2388.0
2025-06-15,Twitter,37743.0,199.0,14.21,3986.0,1957.0,362.0
2025-05-11,Website,31323.0,21795.0,79.88,5326.0,1274.0,705.0
2025-06-06,Instagram,47757.0,18398.0,19.91,4203.0,1653.0,273.0
2025-06-24,Instagram,36165.0,4705.0,6.06,1638.0,3386.0,407.0
2025-04-20,LinkedIn,38166.0,1976.0,1.29,7846.0,1811.0,1127.0
2025-06-26,Twitter,29227.0,19098.0,29.12,7126.0,3090.0,2946.0
2025-04-28,Website,24485.0,23897.0,90.67,4441.0,2400.0,2133.0
2025-06-09,Facebook,23198.0,10513.0,76.9,1285.0,2279.0,1089.0
2025-05-29,Instagram,370.0,141.0,43.11,4283.0,476.0,1036.0
2025-04-24,LinkedIn,21573.0,6851.0,43.39,321.0,4058.0,1736.0
2025-06-03,Facebook,2411.0,508.0,77.95,625.0,4970.0,2885.0
2025-05-29,Website,35491.0,10843.0,12.2,3993.0,1239.0,2025.0
2025-04-21,Facebook,15684.0,11430.0,90.35,9038.0,4890.0,300.0
2025-05-06,LinkedIn,43446.0,43036.0,57.39,7610.0,1807.0,2527.0
2025-06-22,Facebook,43589.0,31163.0,97.75,1531.0,1934.0,1382.0
2025-07-01,Website,35110.0,20540.0,90.85,8305.0,1136.0,2526.0
2025-06-28,LinkedIn,39815.0,30522.0,1.61,5963.0,1671.0,2812.0
2025-07-03,LinkedIn,24097.0,12393.0,55.39,8123.0,2833.0,1446.0
2025-05-23,Instagram,29929.0,3989.0,96.43,5712.0,3086.0,1844.0
2025-05-06,Facebook,11044.0,10099.0,10.85,3401.0,2107.0,1075.0
2025-04-15,Website,12813.0,248.0,44.0,1612.0,2712.0,1598.0
2025-06-28,Website,11062.0,9612.0,38.9,9319.0,1579.0,2707.0
2025-06-08,Instagram,39807.0,4472.0,57.0,1659.0,3301.0,2515.0
2025-05-26,Website,25300.0,1728.0,66.15,2950.0,1166.0,854.0
2025-05-06,Website,3966.0,1962.0,18.71,1695.0,2069.0,2696.0
2025-04-30,Instagram,29284.0,19598.0,,6797.0,639.0,255.0
2025-06-08,Website,22270.0,7796.0,47.45,7376.0,1023.0,1185.0
2025-04-17,Website,15180.0,1944.0,84.18,4903.0,3397.0,2565.0
2025-07-11,Instagram,23193.0,12146.0,38.2,1280.0,3009.0,2718.0
2025-06-03,Facebook,36125.0,29727.0,84.34,3282.0,282.0,2809.0
2025-04-28,LinkedIn,24146.0,20606.0,49.99,5095.0,,666.0
2025-05-22,Facebook,42524.0,noEzvizZ,81.22,5804.0,1907.0,1660.0
2025-05-13,Facebook,11470.0,4183.0,59.26,3124.0,292.0,1158.0
2025-06-23,Website,29687.0,17820.0,53.92,967.0,3570.0,1711.0
2025-05-23,Website,10410.0,7252.0,57.7,5428.0,598.0,440.0
2025-06-08,Instagram,37679.0,8pUBkdwn,4.58,2278.0,4581.0,2847.0
2025-07-03,Website,40182.0,20923.0,43.24,3257.0,4719.0,2174.0
2025-04-26,LinkedIn,126.0,7.0,53.32,6025.0,2028.0,2678.0
2025-05-20,Facebook,6654.0,2696.0,59.11,4140.0,531.0,1921.0
2025-05-13,Website,25680.0,12603.0,6.34,7503.0,1070.0,84.0
2025-05-06,LinkedIn,21471.0,12118.0,45.97,3946.0,878.0,1733.0
2025-05-29,Website,9662.0,6592.0,42.51,4305.0,2072.0,1926.0
2025-06-03,Website,7082.0,4932.0,41.68,3.0,3131.0,2806.0
2025-06-11,LinkedIn,12479.0,1404.0,90.96,9633.0,4103.0,2626.0
2025-05-31,LinkedIn,25022.0,13067.0,71.34,8041.0,1265.0,789.0
2025-07-09,LinkedIn,38245.0,24653.0,38.56,3931.0,1201.0,844.0
2025-06-19,Instagram,28888.0,13406.0,53.7,302.0,338.0,71.0
2025-05-25,Twitter,4935.0,2694.0,78.94,6773.0,1837.0,1407.0
2025-05-22,LinkedIn,10179.0,9177.0,92.92,4772.0,2753.0,2822.0
2025-04-19,Facebook,42388.0,25607.0,60.13,6409.0,991.0,1223.0
2025-05-19,Facebook,17422.0,4726.0,3.46,4473.0,4549.0,56.0
2025-06-04,Instagram,36073.0,3672.0,68.99,9925.0,4830.0,802.0
2025-05-03,Website,26691.0,,62.27,6000.0,3222.0,696.0
2025-05-12,Instagram,1218.0,15.0,7.8,8224.0,1182.0,2673.0
2025-05-12,Website,34686.0,660.0,17.64,4779.0,4708.0,724.0
2025-06-21,Twitter,7698.0,252.0,3.59,2173.0,3585.0,542.0
2025-05-01,,47737.0,27023.0,68.17,3425.0,3232.0,343.0
2025-07-06,LinkedIn,16045.0,6773.0,29.15,3418.0,277.0,2659.0
2025-06-14,LinkedIn,39546.0,17538.0,36.46,8419.0,455.0,771.0
2025-05-05,Website,19406.0,4794.0,89.87,3824.0,342.0,1860.0
2025-05-12,LinkedIn,33604.0,21474.0,24.76,7175.0,3782.0,1408.0
2025-04-29,LinkedIn,31587.0,29870.0,18.31,4681.0,4706.0,2523.0
2025-07-13,Website,47842.0,40313.0,2.3,5452.0,1145.0,826.0
2025-05-02,Instagram,44279.0,31255.0,61.02,8555.0,4559.0,188.0
2025-06-27,Instagram,34752.0,15319.0,42.57,4876.0,573.0,179.0
2025-06-23,Twitter,32990.0,7946.0,20.91,8636.0,4533.0,1615.0
2025-05-28,LinkedIn,18605.0,6067.0,66.25,1710.0,3595.0,2751.0
2025-05-31,Website,9314.0,4339.0,23.06,4278.0,2819.0,479.0
2025-07-01,Twitter,5164.0,3467.0,57.69,1466.0,4616.0,1061.0
2025-07-06,LinkedIn,39418.0,31259.0,66.84,9560.0,1258.0,2168.0
2025-04-15,LinkedIn,16720.0,14579.0,5.98,618.0,3527.0,1524.0
2025-07-10,Twitter,34449.0,24605.0,31.13,6599.0,1422.0,2442.0
2025-04-20,LinkedIn,12757.0,10724.0,1.44,6965.0,3176.0,1972.0
2025-06-23,LinkedIn,1756.0,1507.0,64.44,2604.0,2640.0,2625.0
2025-04-18,Twitter,48267.0,11643.0,74.43,3726.0,3646.0,654.0
2025-05-04,,13769.0,12178.0,32.91,2426.0,4253.0,712.0
2025-06-22,Instagram,2631.0,145.0,14.42,9.0,2915.0,2516.0
2025-06-28,Facebook,23418.0,22005.0,21.78,6291.0,1735.0,2915.0
2025-05-25,Instagram,25566.0,18264.0,51.97,5411.0,2499.0,427.0
2025-05-23,LinkedIn,10797.0,4187.0,94.87,1113.0,2156.0,2452.0
2025-06-11,LinkedIn,11256.0,6766.0,60.65,8533.0,3340.0,2522.0
2025-05-23,Facebook,17663.0,4730.0,79.04,91.0,2066.0,1357.0
2025-05-19,Facebook,49944.0,47983.0,42.72,8479.0,983.0,647.0
2025-05-05,Website,31513.0,20277.0,96.79,589.0,4650.0,1881.0
2025-04-17,LinkedIn,45366.0,13041.0,36.95,3619.0,1480.0,2314.0
2025-05-24,Instagram,19303.0,15512.0,7.61,7676.0,3602.0,2065.0
2025-06-02,Twitter,40767.0,4158.0,72.43,2171.0,2937.0,2467.0
2025-07-13,,5297.0,2294.0,41.86,569.0,2208.0,708.0
2025-04-24,LinkedIn,30746.0,27687.0,,3477.0,521.0,2104.0
2025-04-20,Instagram,27082.0,17170.0,2.88,5886.0,16.0,2982.0
2025-04-30,Facebook,21050.0,,76.15,4482.0,1935.0,651.0
2025-05-17,Twitter,16635.0,7416.0,71.39,5277.0,3002.0,2457.0
2025-07-13,Instagram,46798.0,27312.0,21.74,6939.0,4980.0,268.0
2025-04-26,Instagram,14257.0,9536.0,2.21,5756.0,2873.0,1317.0
2025-06-25,LinkedIn,34864.0,20131.0,14.76,2654.0,3302.0,2390.0
2025-04-25,Facebook,18525.0,6007.0,75.15,982.0,2604.0,1950.0
2025-06-17,Facebook,49445.0,17985.0,91.58,414.0,334.0,966.0
2025-07-12,Facebook,2250.0,1230.0,12.15,7664.0,i1jMNE3F,2533.0
2025-04-20,Facebook,26530.0,13037.0,34.37,963.0,4031.0,241.0
2025-06-26,Twitter,14529.0,705.0,56.4,6970.0,2497.0,1339.0
2025-06-02,Website,42384.0,4379.0,21.54,6149.0,1296.0,1408.0
2025-04-23,Instagram,15149.0,6942.0,95.47,6108.0,1527.0,1622.0
2025-06-26,6z7RwKlw,5980.0,634.0,85.9,4247.0,4467.0,2105.0
2025-06-25,Instagram,34484.0,12315.0,12.08,6289.0,2302.0,2438.0
2025-05-22,Twitter,47403.0,2783.0,1.5,7410.0,4749.0,
2025-06-17,Twitter,33108.0,26117.0,63.6,7875.0,1596.0,162.0
2025-05-19,Website,33751.0,18317.0,17.85,8282.0,3454.0,2466.0
2025-07-02,Website,32786.0,23085.0,13.22,9682.0,1523.0,1412.0
2025-04-19,LinkedIn,8595.0,8441.0,28.24,9933.0,4200.0,918.0
2025-05-18,Website,42559.0,3984.0,3.02,726.0,3250.0,1592.0
2025-06-30,Twitter,40606.0,39197.0,78.08,3813.0,2578.0,1697.0
2025-04-23,LinkedIn,7465.0,6347.0,30.33,286.0,2479.0,1885.0
2025-05-26,Website,409.0,320.0,16.16,4863.0,1934.0,2676.0
2025-06-24,Website,47509.0,18785.0,91.32,1789.0,2824.0,849.0
2025-06-11,LinkedIn,42155.0,6314.0,57.28,6076.0,789.0,1787.0
2025-06-30,LinkedIn,4270.0,3917.0,45.72,1009.0,353.0,1201.0
2025-06-03,LinkedIn,36676.0,3066.0,70.23,6178.0,3974.0,2561.0
2025-05-20,LinkedIn,46303.0,40540.0,8.54,8747.0,3666.0,2854.0
2025-06-30,Facebook,43028.0,19968.0,83.34,1935.0,2285.0,1419.0
2025-06-03,LinkedIn,41888.0,13805.0,55.01,9018.0,1196.0,2773.0
2025-05-07,Instagram,19144.0,9566.0,80.25,4396.0,3246.0,49.0
2025-05-20,Facebook,46779.0,30033.0,17.34,9821.0,4985.0,2946.0
2025-04-30,Twitter,16038.0,10867.0,55.11,7261.0,838.0,
2025-06-17,Website,21830.0,13149.0,89.9,3818.0,4141.0,1229.0
2025-06-08,Website,28992.0,28972.0,85.67,3432.0,1706.0,269.0
2025-04-24,Facebook,1159.0,274.0,89.43,2877.0,524.0,2515.0
2025-06-21,Twitter,10788.0,6273.0,24.57,1809.0,4936.0,323.0
2025-05-22,Facebook,47025.0,43957.0,42.04,9610.0,3783.0,2894.0
2025-06-05,Instagram,39648.0,19581.0,9.9,7822.0,2614.0,7.0
2025-05-27,Twitter,24767.0,6830.0,20.83,1289.0,1795.0,2269.0
2025-06-25,Facebook,40804.0,36169.0,88.35,7083.0,450.0,2903.0
2025-05-17,Instagram,17530.0,9836.0,9.62,9464.0,2782.0,1167.0
2025-04-16,Twitter,44444.0,36875.0,13.57,805.0,3993.0,253.0
2025-05-27,LinkedIn,28085.0,6381.0,4.42,5721.0,3046.0,79.0
2025-05-23,Twitter,44006.0,3908.0,97.14,6487.0,2443.0,2565.0
2025-04-20,LinkedIn,37426.0,27048.0,74.29,4105.0,1725.0,1666.0
2025-05-15,Website,47038.0,2275.0,90.6,19.0,2825.0,188.0
2025-06-10,Website,38851.0,10386.0,56.6,5079.0,3178.0,493.0
2025-07-07,Twitter,19714.0,6336.0,1.0,7735.0,3506.0,1978.0
2025-06-02,Instagram,38950.0,20615.0,78.9,1124.0,3339.0,2806.0
2025-05-22,LinkedIn,26505.0,12862.0,34.76,3243.0,3223.0,2545.0
2025-04-22,Instagram,9386.0,6897.0,92.07,7958.0,,2414.0
2025-06-12,Twitter,15820.0,153.0,19.79,1248.0,4534.0,466.0
2025-05-07,Instagram,13568.0,1908.0,88.29,9639.0,1071.0,1200.0
2025-06-22,Facebook,17801.0,9674.0,73.07,9319.0,68.0,2612.0
2025-05-11,LinkedIn,20413.0,7092.0,8.87,5046.0,1959.0,2816.0
2025-07-11,Website,15312.0,2569.0,52.66,5617.0,2265.0,1020.0
2025-05-23,Website,10946.0,9330.0,35.91,7406.0,132.0,1549.0
2025-04-25,Facebook,18649.0,4068.0,62.19,8090.0,3821.0,1194.0
2025-06-10,Website,36146.0,9959.0,36.42,9589.0,3349.0,98.0
2025-07-01,LinkedIn,17450.0,7232.0,33.09,5826.0,4056.0,1614.0
2025-06-07,LinkedIn,9454.0,7237.0,63.14,9482.0,2058.0,1219.0
2025-06-10,Instagram,19653.0,14976.0,54.55,119.0,2274.0,1401.0
2025-07-06,Facebook,39841.0,3427.0,1.5,9493.0,2029.0,538.0
2025-05-31,LinkedIn,16689.0,16090.0,0.54,2915.0,1076.0,2173.0
2025-06-20,Twitter,40586.0,936.0,24.76,2825.0,1967.0,1237.0
2025-05-01,Facebook,19916.0,9032.0,58.47,,3535.0,1610.0
2025-05-01,LinkedIn,49462.0,36015.0,70.14,531.0,4471.0,2023.0
2025-04-22,Website,29919.0,17279.0,71.52,3688.0,4414.0,1592.0
2025-04-29,Website,45813.0,19272.0,87.1,1855.0,4233.0,1967.0
2025-06-05,Facebook,39386.0,22404.0,42.65,8381.0,4895.0,849.0
2025-07-03,Website,18300.0,10007.0,73.22,3483.0,4128.0,642.0
2025-06-28,Instagram,47428.0,22698.0,41.99,9519.0,2421.0,478.0
2025-05-23,Website,24200.0,18097.0,60.22,9141.0,3220.0,2659.0
2025-05-19,Twitter,20818.0,11030.0,74.94,5595.0,453.0,1801.0
2025-06-27,Facebook,5256.0,3574.0,87.19,2129.0,4321.0,2773.0
2025-04-18,Facebook,17624.0,14226.0,0.71,3802.0,2488.0,1067.0
2025-07-01,Twitter,12542.0,11455.0,88.17,8306.0,4710.0,1686.0
2025-05-30,0Fa6TcTV,45538.0,40424.0,56.92,33.0,954.0,994.0
2025-06-28,Instagram,3911.0,1103.0,78.5,5676.0,4643.0,831.0
2025-07-06,Instagram,2557.0,1228.0,57.94,3983.0,953.0,2063.0
2025-06-21,Website,13708.0,5072.0,92.13,5181.0,4851.0,2860.0
2025-05-21,Website,40050.0,34075.0,9.39,498.0,1335.0,621.0
2025-07-04,Twitter,11237.0,9625.0,88.59,1787.0,1360.0,64.0
2025-06-28,Instagram,18745.0,10369.0,55.74,4390.0,1427.0,2328.0
2025-04-27,Website,1177.0,1158.0,14.06,1876.0,sQg11T0u,623.0
2025-06-04,Website,48663.0,20958.0,90.27,8832.0,677.0,1110.0
2025-04-26,Twitter,17234.0,10902.0,56.49,6173.0,3631.0,2709.0
2025-07-03,Facebook,34543.0,24644.0,12.38,8799.0,47.0,405.0
2025-06-24,Twitter,9332.0,1089.0,12.56,6991.0,1322.0,2750.0
2025-06-28,Website,11749.0,10372.0,40.42,3424.0,470.0,1071.0
2025-06-21,LinkedIn,16818.0,13685.0,1.04,5818.0,1826.0,993.0
2025-05-24,Twitter,12046.0,6198.0,12.64,151.0,301.0,1562.0
2025-06-16,Twitter,27914.0,27304.0,13.16,3347.0,2334.0,487.0
2025-04-25,Website,14654.0,2460.0,66.7,5572.0,4444.0,1599.0
2025-06-16,Website,37425.0,15108.0,13.18,944.0,4606.0,1008.0
2025-07-01,Twitter,945.0,2.0,,3296.0,211.0,1313.0
2025-06-19,LinkedIn,32620.0,4317.0,19.69,5109.0,4213.0,1462.0
2025-05-01,Instagram,21237.0,10763.0,78.97,8969.0,2521.0,QWOmMDzX
2025-05-17,LinkedIn,48050.0,9524.0,9.95,3061.0,1151.0,1039.0
2025-06-17,Facebook,6974.0,813.0,70.81,7188.0,3798.0,1292.0
2025-04-24,Twitter,,7611.0,6.72,3352.0,1768.0,2433.0
2025-05-04,Website,44878.0,19658.0,47.19,7553.0,811.0,2969.0
2025-05-19,Twitter,2360.0,1774.0,97.76,1091.0,956.0,2287.0
2025-05-01,Website,8269.0,2135.0,5.51,7085.0,888.0,498.0
2025-05-28,Twitter,3236.0,676.0,82.91,9267.0,220.0,838.0
2025-06-09,Instagram,33753.0,5439.0,80.02,383.0,4225.0,2728.0
2025-06-22,Facebook,22867.0,22734.0,36.43,4243.0,1538.0,911.0
2025-05-03,Facebook,40001.0,26387.0,45.75,6081.0,4823.0,1380.0
2025-06-11,Facebook,16766.0,14131.0,68.6,375.0,1146.0,1859.0
2025-05-24,LinkedIn,19495.0,1830.0,84.52,2528.0,,2128.0
2025-06-20,Website,26905.0,16715.0,67.68,3982.0,2921.0,2249.0
2025-06-29,Instagram,40672.0,6423.0,26.63,2594.0,24.0,2137.0
2025-05-28,Website,27090.0,18303.0,47.72,7177.0,2853.0,2185.0
2025-06-11,Website,44421.0,4116.0,48.46,3296.0,2956.0,1558.0
2025-05-16,Instagram,18607.0,11225.0,81.03,4532.0,2104.0,712.0
2025-04-17,Website,35427.0,20252.0,56.2,6306.0,1253.0,1805.0
2025-07-02,Twitter,24536.0,9310.0,24.95,9483.0,1755.0,2877.0
2025-06-29,LinkedIn,5575.0,5490.0,89.39,1316.0,4740.0,886.0
2025-04-16,Instagram,39742.0,38578.0,18.1,2602.0,1848.0,2874.0
2025-05-04,Twitter,14294.0,5054.0,46.53,4593.0,402.0,137.0
2025-05-20,Facebook,29791.0,26482.0,8.07,6664.0,908.0,1865.0
2025-05-30,Website,3916.0,1747.0,94.29,8831.0,4507.0,473.0
2025-05-17,LinkedIn,20378.0,15845.0,80.08,4795.0,2540.0,1056.0
2025-06-29,Website,9606.0,9185.0,56.08,6543.0,3973.0,2650.0
2025-06-17,Instagram,10155.0,9357.0,12.11,7302.0,4062.0,1523.0
2025-06-08,LinkedIn,8990.0,5668.0,16.42,976.0,4963.0,1777.0
2025-06-15,Facebook,21776.0,4325.0,51.89,1834.0,2833.0,1356.0
2025-06-05,Facebook,36254.0,35060.0,20.43,3523.0,4917.0,890.0
2025-05-20,Website,32830.0,8828.0,74.8,3895.0,2438.0,1505.0
2025-04-15,Instagram,2871.0,2339.0,72.86,7747.0,1870.0,2224.0
2025-05-08,LinkedIn,47358.0,3112.0,61.02,2949.0,4398.0,352.0
2025-06-20,Twitter,24754.0,10560.0,11.92,3479.0,3948.0,2737.0
2025-06-04,Instagram,1783.0,801.0,35.13,7959.0,408.0,716.0
2025-04-30,Instagram,9845.0,4575.0,3.27,5139.0,2071.0,2771.0
2025-05-30,Facebook,11778.0,2110.0,75.66,992.0,50.0,2136.0
2025-06-21,Facebook,6631.0,3074.0,50.98,4084.0,2473.0,1739.0
2025-06-24,Instagram,26186.0,2619.0,74.7,7936.0,2368.0,832.0
2025-05-01,Instagram,,718.0,43.31,3610.0,1774.0,406.0
2025-05-24,Instagram,15106.0,9226.0,85.9,7428.0,1872.0,2949.0
2025-06-16,Instagram,42773.0,6691.0,27.48,5175.0,3237.0,1309.0
2025-06-25,Twitter,5806.0,3299.0,36.29,8056.0,3218.0,1103.0
2025-07-11,Instagram,44394.0,12585.0,71.71,5637.0,1744.0,2469.0
2025-07-04,Facebook,40804.0,4255.0,11.77,8607.0,1050.0,2393.0
2025-04-24,Twitter,26788.0,14789.0,83.42,7075.0,698.0,2235.0
2025-04-30,Website,12096.0,9455.0,52.02,7154.0,4247.0,2204.0
2025-05-06,Facebook,2471.0,1730.0,,7269.0,4047.0,2355.0
2025-05-23,Website,10470.0,10098.0,71.69,224.0,2876.0,880.0
2025-05-27,LinkedIn,31014.0,22230.0,57.05,2364.0,2707.0,2403.0
2025-05-30,LinkedIn,30849.0,20712.0,55.06,1558.0,4889.0,765.0
2025-06-15,Website,31149.0,4839.0,35.08,2529.0,2360.0,536.0
2025-05-08,Facebook,2421.0,1996.0,97.04,8495.0,31.0,2831.0
2025-05-16,Instagram,22971.0,11292.0,38.41,5031.0,2496.0,1584.0
2025-06-21,Website,7261.0,6949.0,58.49,7863.0,2682.0,18.0
2025-04-22,LinkedIn,15433.0,12960.0,89.81,8734.0,3100.0,2812.0
2025-06-27,Website,3603.0,2426.0,90.84,7874.0,3011.0,1966.0
2025-04-28,LinkedIn,30819.0,11222.0,75.78,9748.0,2450.0,2345.0
2025-05-03,Twitter,47376.0,15866.0,70.24,9514.0,958.0,136.0
2025-06-22,Instagram,12600.0,6075.0,84.97,977.0,1212.0,1761.0
2025-07-06,Instagram,3387.0,2356.0,93.24,1981.0,2710.0,2669.0
2025-04-24,Website,31498.0,27072.0,59.34,9963.0,2393.0,1123.0
2025-06-09,LinkedIn,2534.0,2030.0,13.35,7792.0,1408.0,2717.0
2025-06-08,LinkedIn,43601.0,26679.0,95.64,7356.0,1291.0,1552.0
2025-06-28,LinkedIn,47689.0,46980.0,33.94,4665.0,2295.0,1079.0
lBrnWhQ2,Website,19040.0,12452.0,23.67,6921.0,1697.0,1930.0
2025-04-22,Website,5522.0,6.0,67.18,2067.0,1302.0,1837.0
2025-06-04,Twitter,3988.0,3646.0,41.4,5660.0,3173.0,1899.0
2025-07-11,Website,23116.0,22824.0,31.13,7182.0,3534.0,212.0
2025-05-07,Website,24166.0,18760.0,99.22,8603.0,2118.0,1405.0
2025-06-17,LinkedIn,44544.0,3066.0,92.97,8130.0,475.0,1225.0
2025-06-25,,37349.0,9169.0,31.04,4150.0,897.0,699.0
2025-06-13,Twitter,10608.0,201.0,91.18,2964.0,1500.0,2042.0
2025-04-17,Instagram,26083.0,10641.0,fgnWDX1d,7789.0,1113.0,986.0
2025-06-27,Facebook,29293.0,24139.0,59.35,8506.0,1633.0,2613.0
2025-04-27,Instagram,7108.0,6750.0,63.34,9403.0,4555.0,2032.0
2025-05-21,Twitter,1664.0,,84.58,2782.0,3451.0,261.0
2025-04-18,LinkedIn,47140.0,47075.0,56.57,6468.0,4258.0,1197.0
2025-05-19,Website,32945.0,27831.0,22.21,9911.0,918.0,2178.0
2025-07-01,Website,42909.0,32325.0,59.3,4778.0,3251.0,2662.0
2025-06-11,Facebook,33840.0,28495.0,61.79,992.0,2490.0,1895.0
2025-07-04,Facebook,24493.0,13471.0,24.31,5304.0,764.0,719.0
2025-05-07,Instagram,27651.0,22626.0,61.58,5033.0,3850.0,216.0
2025-05-03,Instagram,26075.0,336.0,79.37,2470.0,3070.0,523.0
2025-06-08,Twitter,20326.0,7287.0,89.92,3075.0,4492.0,1267.0
2025-07-09,Website,45452.0,41226.0,62.07,2603.0,3835.0,1268.0
2025-06-13,Twitter,47735.0,1981.0,77.83,8615.0,3155.0,1614.0
2025-05-08,Website,47392.0,17164.0,27.8,1398.0,239.0,2535.0
2025-06-14,Instagram,44255.0,37749.0,31.14,6494.0,3285.0,2012.0
2025-06-01,Website,32499.0,11501.0,77.4,9003.0,3248.0,1252.0
2025-07-11,Twitter,3224.0,722.0,48.91,5633.0,4586.0,978.0
2025-06-02,Website,26141.0,25420.0,54.22,9904.0,3439.0,739.0
2025-06-28,Twitter,15723.0,12342.0,21.42,6653.0,1408.0,285.0
2025-06-06,Website,3282.0,326.0,59.34,1015.0,594.0,3EhGGuSQ
2025-06-28,Facebook,30935.0,16108.0,41.45,2381.0,55.0,355.0
2025-05-08,Instagram,5299.0,2663.0,15.18,5712.0,1680.0,2364.0
2025-05-26,Twitter,7821.0,4491.0,58.99,3061.0,4140.0,1757.0
2025-07-02,Instagram,38646.0,653.0,76.56,2978.0,1862.0,2439.0
2025-06-07,Website,11838.0,11552.0,7.93,7166.0,4337.0,226.0
2025-05-18,Facebook,39311.0,959.0,48.19,2486.0,3989.0,1134.0
2025-05-09,Instagram,13145.0,11609.0,95.47,346.0,4528.0,2726.0
2025-04-17,Facebook,42706.0,34465.0,81.84,320.0,913.0,
2025-06-04,Website,29165.0,9004.0,62.71,938.0,4702.0,1842.0
2025-04-24,,41071.0,3386.0,52.79,6871.0,4809.0,1606.0
2025-04-29,Instagram,47728.0,24581.0,29.32,9737.0,27.0,1970.0
2025-06-18,Facebook,15925.0,8025.0,35.02,3474.0,2680.0,1660.0
2025-06-25,Website,25236.0,14142.0,75.45,1243.0,613.0,2613.0
2025-05-21,Facebook,24988.0,11168.0,17.35,1443.0,2912.0,633.0
2025-05-26,Facebook,8805.0,8750.0,40.95,8020.0,2065.0,864.0
,Instagram,39113.0,12057.0,18.9,868.0,1366.0,2269.0
,LinkedIn,7578.0,2471.0,24.94,4815.0,4773.0,2452.0
2025-07-04,Twitter,18712.0,12208.0,40.95,7576.0,3727.0,430.0
2025-06-28,Instagram,45443.0,12607.0,50.19,9715.0,4051.0,937.0
2025-05-22,Website,12330.0,7636.0,16.79,4892.0,4988.0,1490.0
2025-06-05,Website,44051.0,2124.0,25.62,6755.0,163.0,522.0
2025-05-20,LinkedIn,41299.0,8911.0,37.13,3497.0,2837.0,1246.0
2025-07-10,Facebook,31265.0,14375.0,18.98,3150.0,2836.0,2898.0
2025-04-15,Twitter,21239.0,6673.0,36.47,5810.0,3495.0,1900.0
2025-06-30,Website,wl7cusUt,7204.0,81.7,4329.0,407.0,1174.0
2025-06-21,Facebook,16422.0,111.0,72.1,3730.0,3911.0,291.0
2025-05-15,Facebook,47762.0,23272.0,48.2,679.0,872.0,795.0
2025-04-21,Twitter,29790.0,14266.0,54.45,7221.0,4296.0,242.0
2025-06-12,Twitter,33279.0,16673.0,,7368.0,2271.0,2325.0
2025-06-21,Facebook,34602.0,14435.0,38.25,1667.0,796.0,653.0
,Facebook,19604.0,3140.0,95.62,402.0,4716.0,271.0
2025-05-01,Twitter,9331.0,9060.0,53.96,6292.0,3212.0,2409.0
2025-06-03,Instagram,16828.0,6534.0,46.9,7166.0,518.0,492.0
2025-06-02,Twitter,11773.0,8934.0,70.99,7004.0,2853.0,2877.0
2025-06-04,Twitter,20867.0,7097.0,36.56,8735.0,489.0,813.0
2025-04-22,Instagram,13953.0,7164.0,,4461.0,2487.0,1320.0
2025-05-11,Website,28274.0,17362.0,97.02,9777.0,2201.0,1709.0
2025-06-18,Twitter,22330.0,15972.0,5.88,2178.0,4885.0,1061.0
2025-05-03,LinkedIn,19811.0,4BffjBWM,56.6,7097.0,785.0,1775.0
0XV6uvm2,Instagram,7803.0,374.0,98.01,482.0,137.0,2983.0
2025-05-18,Instagram,35989.0,31002.0,46.42,1060.0,JHk84l8j,176.0
2025-07-08,LinkedIn,2695.0,1883.0,96.16,718.0,370.0,1858.0
2025-06-14,Facebook,45094.0,9962.0,65.89,6488.0,2337.0,507.0
2025-07-13,Facebook,48416.0,9521.0,74.82,7628.0,3333.0,1350.0
2025-07-03,Instagram,8349.0,7711.0,32.83,5280.0,3611.0,2995.0
2025-04-28,Twitter,31789.0,8956.0,98.72,2188.0,2038.0,1601.0
2025-05-19,LinkedIn,37991.0,22852.0,56.59,9611.0,3422.0,2766.0
2025-05-22,Twitter,27704.0,21691.0,22.02,2611.0,601.0,1576.0
2025-05-11,Website,4546.0,3887.0,12.19,3406.0,Fp53aUWc,1755.0
2025-07-08,Website,40056.0,27051.0,71.13,1374.0,2235.0,11.0
2025-04-30,LinkedIn,34743.0,32921.0,45.94,1580.0,2653.0,706.0
2025-07-12,Twitter,42081.0,41180.0,96.74,1711.0,457.0,962.0
2025-04-22,LinkedIn,20729.0,10949.0,82.72,1124.0,16.0,1196.0
2025-06-22,Website,2205.0,2165.0,76.6,6471.0,4592.0,2642.0
2025-06-05,Instagram,33990.0,30285.0,40.28,976.0,3848.0,1664.0
2025-05-03,Instagram,46661.0,31500.0,14.89,5887.0,137.0,377.0
2025-06-11,LinkedIn,44627.0,8103.0,4.71,9910.0,579.0,609.0
2025-06-16,Instagram,8167.0,3784.0,13.25,2930.0,334.0,702.0
2025-06-28,Instagram,46714.0,30019.0,54.64,1433.0,1075.0,141.0
2025-05-18,Twitter,20684.0,20234.0,64.87,9605.0,3679.0,25.0
2025-05-29,Instagram,44015.0,11611.0,75.34,8501.0,1463.0,1737.0
2025-07-13,LinkedIn,38514.0,2887.0,53.73,7208.0,3118.0,494.0
2025-05-08,Instagram,4193.0,3207.0,15.92,4546.0,1656.0,746.0
2025-04-28,Instagram,14224.0,9588.0,54.2,2497.0,3806.0,1022.0
2025-04-30,LinkedIn,30140.0,22805.0,66.47,7666.0,1480.0,1208.0
2025-06-27,LinkedIn,19087.0,18490.0,5.98,6217.0,1638.0,1685.0
2025-06-29,Twitter,13732.0,12466.0,50.65,3967.0,3001.0,1366.0
,LinkedIn,7171.0,158.0,96.73,8201.0,4948.0,318.0
2025-05-20,Facebook,7786.0,,31.89,4986.0,2553.0,436.0
2025-05-09,Twitter,29680.0,23426.0,75.45,8100.0,4599.0,2432.0
2025-05-01,Website,31412.0,12754.0,26.71,5145.0,2561.0,2086.0
2025-05-07,Twitter,23465.0,15025.0,11.36,4586.0,4454.0,2886.0
2025-07-04,Website,23362.0,22912.0,40.69,620.0,4891.0,1018.0
2025-05-29,Website,34678.0,10388.0,24.55,1366.0,1453.0,1046.0
2025-06-15,Twitter,35355.0,15731.0,88.0,4083.0,3666.0,147.0
2025-06-03,Website,,36875.0,13.02,3649.0,4885.0,180.0
2025-05-27,LinkedIn,47189.0,19548.0,56.61,6097.0,363.0,1084.0
2025-07-05,Website,12481.0,5509.0,42.77,1176.0,4355.0,1607.0
2025-04-30,Website,5149.0,713.0,75.67,9505.0,3195.0,
2025-05-15,Instagram,29944.0,2579.0,53.48,2021.0,792.0,2507.0
2025-05-27,Facebook,11826.0,6628.0,68.42,1994.0,4797.0,821.0
2025-04-27,Instagram,43165.0,1222.0,88.84,6466.0,3768.0,1237.0
2025-06-18,Twitter,35934.0,26536.0,66.52,677.0,2613.0,
2025-04-21,Instagram,24816.0,7600.0,27.41,2471.0,2604.0,762.0
2025-06-08,Facebook,40827.0,27017.0,2.84,1773.0,1881.0,1681.0
2025-07-11,Facebook,7131.0,955.0,2.49,6799.0,1806.0,882.0
2025-05-21,Website,28676.0,25938.0,64.81,552.0,1019.0,2590.0
2025-06-12,Twitter,3364.0,2120.0,82.5,1202.0,2655.0,1633.0
2025-05-19,Facebook,47364.0,34551.0,99.13,5009.0,3577.0,1120.0
2025-07-12,LinkedIn,10159.0,978.0,97.08,7059.0,2567.0,
2025-04-26,LinkedIn,25641.0,5160.0,20.97,,2375.0,1572.0
2025-06-02,LinkedIn,3238.0,1781.0,4.33,7758.0,3787.0,2907.0
2025-05-08,Instagram,46448.0,35610.0,49.62,5400.0,1780.0,1978.0
2025-05-10,Instagram,16373.0,5092.0,32.69,6805.0,742.0,2975.0
2025-04-17,Facebook,26790.0,3053.0,97.54,2196.0,996.0,1302.0
2025-05-25,Facebook,24758.0,17550.0,21.34,6659.0,1474.0,1831.0
2025-07-02,Twitter,7412.0,288.0,86.62,418.0,4209.0,977.0
2025-05-16,LinkedIn,28121.0,10119.0,49.05,7931.0,1360.0,1851.0
2025-05-22,Facebook,14843.0,1323.0,31.84,6374.0,817.0,1286.0
2025-04-21,Facebook,15685.0,354.0,18.87,4720.0,3885.0,2365.0
2025-05-27,Website,554.0,538.0,93.63,2508.0,4507.0,2692.0
2025-05-23,LinkedIn,13996.0,13662.0,19.93,677.0,2341.0,594.0
2025-05-23,Twitter,16646.0,8408.0,96.34,9044.0,113.0,2695.0
2025-04-26,Website,45996.0,40247.0,61.65,4799.0,2204.0,2232.0
2025-05-16,Twitter,21156.0,6697.0,1.43,1090.0,2223.0,2566.0
2025-05-25,Facebook,42458.0,27609.0,J41AKGbp,3979.0,1983.0,2946.0
2025-07-03,Facebook,5227.0,4097.0,85.73,1151.0,1438.0,1223.0
2025-06-28,Twitter,20642.0,6349.0,44.03,4474.0,4580.0,1057.0
2025-04-20,Facebook,8328.0,2923.0,95.29,9946.0,2877.0,73.0
2025-06-04,29Nltavg,5553.0,3935.0,80.39,7081.0,2880.0,2672.0
2025-05-28,LinkedIn,5183.0,2460.0,32.18,2240.0,4773.0,1302.0
2025-05-13,Website,9754.0,8284.0,90.31,6745.0,3255.0,2492.0
2025-06-21,Facebook,22955.0,4642.0,sJ32Ovpi,3726.0,2159.0,1623.0
2025-05-13,Instagram,13887.0,10790.0,OD1tVyEV,9075.0,453.0,2262.0
2025-05-09,Facebook,33990.0,30139.0,94.62,2800.0,1648.0,1818.0
2025-05-05,Twitter,31677.0,9504.0,71.76,6530.0,878.0,1084.0
2025-05-15,Twitter,22205.0,10501.0,25.6,4273.0,2889.0,1231.0
2025-05-01,Facebook,6972.0,4847.0,13.14,8042.0,539.0,490.0
2025-07-09,Website,25826.0,5563.0,30.43,9438.0,2733.0,2973.0
2025-04-20,LinkedIn,18314.0,1575.0,78.95,74.0,2909.0,1897.0
2025-04-21,LinkedIn,47037.0,37705.0,63.07,312.0,1666.0,1561.0
2025-06-29,Facebook,16032.0,283.0,71.26,651.0,1686.0,1632.0
2025-04-17,Website,26607.0,14907.0,2.94,8635.0,3378.0,200.0
2025-04-25,Instagram,32868.0,15636.0,58.94,3196.0,3466.0,1838.0
2025-05-25,LinkedIn,47378.0,37277.0,93.86,4987.0,1981.0,2172.0
2025-06-24,Website,35958.0,27778.0,67.82,8243.0,2032.0,2253.0
2025-05-19,Website,10143.0,6329.0,0.9,58.0,2010.0,181.0
2025-07-08,Instagram,6112.0,3681.0,85.07,168.0,1248.0,2925.0
2025-04-20,Facebook,29325.0,24743.0,81.01,5306.0,3650.0,1784.0
2025-05-01,Facebook,13187.0,5871.0,3.72,8527.0,2610.0,1870.0
2025-04-15,Facebook,QZsFvO4w,990.0,54.69,7730.0,2408.0,929.0
2025-05-03,Website,38687.0,37932.0,96.19,3320.0,3795.0,1264.0
2025-04-16,Instagram,31867.0,11110.0,84.83,5615.0,1105.0,2157.0
2025-06-09,Twitter,23888.0,453.0,53.29,4400.0,3972.0,2395.0
2025-05-07,LinkedIn,37654.0,32453.0,19.95,9559.0,1320.0,sMCeVqAE
2025-07-11,Website,4848.0,3207.0,67.14,5753.0,4833.0,241.0
2025-04-30,LinkedIn,6477.0,2861.0,84.53,3235.0,2390.0,703.0
2025-04-21,Facebook,34693.0,34653.0,54.54,,2870.0,1987.0
2025-07-03,Twitter,41012.0,21311.0,84.47,2737.0,3680.0,2346.0
2025-06-01,Facebook,14088.0,9672.0,52.56,8560.0,456.0,19.0
2025-06-14,Website,29079.0,8069.0,35.06,8327.0,4618.0,2367.0
2025-06-07,Instagram,29038.0,23144.0,2.31,7873.0,2314.0,1494.0
2025-06-10,Website,9124.0,1897.0,23.03,4358.0,3096.0,2466.0
2025-06-22,Instagram,24015.0,7300.0,9.47,994.0,2396.0,925.0
2025-06-27,Instagram,6443.0,2874.0,56.2,6796.0,1664.0,2039.0
2025-05-12,Website,1055.0,616.0,14.13,6032.0,1616.0,483.0
2025-05-18,Facebook,31727.0,4158.0,7.87,4997.0,1398.0,180.0
2025-05-15,LinkedIn,14564.0,10223.0,90.78,1701.0,2347.0,1654.0
2025-06-03,LinkedIn,14842.0,14711.0,70.83,9241.0,4315.0,1639.0
2025-06-14,Website,14912.0,3803.0,30.55,5030.0,3427.0,1880.0
2025-06-15,Website,22043.0,19528.0,39.11,8206.0,644.0,2059.0
2025-04-20,Facebook,24691.0,19483.0,23.47,140.0,4990.0,531.0
2025-05-12,Facebook,41239.0,32340.0,86.97,2783.0,3158.0,2533.0
2025-05-29,LinkedIn,39272.0,23630.0,8.77,3334.0,3904.0,2462.0
2025-04-26,Twitter,8865.0,3507.0,75.53,1517.0,3992.0,946.0
2025-05-22,Instagram,12834.0,9625.0,63.77,3313.0,3753.0,2645.0
2025-06-05,LinkedIn,30582.0,9719.0,26.83,5770.0,3130.0,81.0
2025-06-24,Website,47032.0,29496.0,76.77,4450.0,644.0,1366.0
2025-06-23,Facebook,44867.0,1714.0,65.56,128.0,2228.0,2723.0
2025-05-28,Facebook,16085.0,11866.0,71.21,2539.0,2462.0,1188.0
2025-06-10,ihGSABCo,6470.0,5191.0,24.83,7311.0,4055.0,2458.0
2025-06-06,LinkedIn,31146.0,21192.0,82.63,7403.0,1183.0,1618.0
2025-05-14,Twitter,44022.0,43124.0,15.58,4988.0,791.0,2853.0
2025-05-13,LinkedIn,6653.0,4008.0,13.14,,3276.0,2360.0
2025-06-04,LinkedIn,27572.0,1481.0,31.45,1387.0,3219.0,917.0
2025-06-18,Instagram,37644.0,34819.0,25.39,3502.0,4146.0,2263.0
2025-06-04,Website,4361.0,1441.0,65.45,9612.0,1055.0,232.0
2025-06-24,LinkedIn,19756.0,12460.0,52.71,3837.0,4998.0,1699.0
2025-05-08,LinkedIn,46096.0,26363.0,42.13,6457.0,3152.0,2595.0
2025-06-02,Website,10209.0,3993.0,49.05,6062.0,4810.0,R9DU52QQ
2025-05-24,Twitter,36709.0,1814.0,40.55,972.0,187.0,61.0
2025-06-28,Instagram,29336.0,8811.0,41.11,7249.0,1407.0,2911.0
2025-07-04,LinkedIn,10348.0,6550.0,82.06,3760.0,4982.0,2207.0
2025-06-15,,26814.0,14831.0,81.76,7079.0,4814.0,2903.0
2025-06-03,LinkedIn,6786.0,2513.0,87.49,2260.0,348.0,1598.0
2025-06-07,LinkedIn,39442.0,21391.0,12.7,7273.0,2649.0,1342.0
2025-07-11,Facebook,14092.0,2410.0,70.84,6616.0,2812.0,203.0
2025-06-13,Website,3768.0,2279.0,93.71,4129.0,3948.0,2695.0
2025-05-19,Website,39635.0,12633.0,96.26,1985.0,3615.0,1423.0
2025-07-08,Website,17796.0,8526.0,33.32,8737.0,1669.0,276.0
2025-04-19,Facebook,32969.0,32964.0,zM3S2Mxl,1121.0,3660.0,2474.0
2025-05-20,LinkedIn,2395.0,376.0,21.11,3927.0,592.0,580.0
2025-07-05,Instagram,9820.0,808.0,80.0,6133.0,2858.0,859.0
2025-06-21,Website,17064.0,6702.0,73.85,1088.0,3231.0,111.0
2025-05-14,Twitter,1234.0,230.0,70.38,3003.0,4533.0,2528.0
2025-04-19,Facebook,21628.0,4829.0,29.15,253.0,1845.0,679.0
2025-04-29,Facebook,48565.0,15223.0,66.88,1382.0,3503.0,392.0
2025-05-22,Instagram,41845.0,35069.0,97.93,8872.0,1685.0,546.0
2025-05-07,Instagram,42524.0,8725.0,51.22,8394.0,3774.0,2534.0
2025-04-21,Instagram,44821.0,11687.0,73.81,4491.0,1681.0,151.0
2025-04-17,LinkedIn,43315.0,7559.0,24.05,9655.0,298.0,765.0
2025-06-28,Facebook,30266.0,22814.0,53.02,6083.0,3374.0,1944.0
2025-04-30,Website,16995.0,7909.0,8.09,9965.0,3713.0,2152.0
2025-04-26,Twitter,18610.0,1078.0,37.16,1253.0,4768.0,1095.0
2025-06-21,LinkedIn,22529.0,8897.0,9.91,3809.0,201.0,1255.0
2025-04-27,Facebook,44680.0,25272.0,44.37,2668.0,4629.0,701.0
2025-04-21,Instagram,30579.0,19251.0,77.88,7243.0,4601.0,902.0
2025-05-12,LinkedIn,47404.0,9881.0,91.99,9424.0,758.0,2956.0
2025-06-21,Twitter,7865.0,7629.0,97.03,8320.0,2784.0,1033.0
2025-06-24,Instagram,3196.0,597.0,89.25,4476.0,1555.0,2130.0
2025-07-04,LinkedIn,46080.0,45164.0,81.47,3808.0,4567.0,1057.0
2025-04-25,Instagram,14936.0,6877.0,80.65,6237.0,2848.0,1857.0
2025-06-21,LinkedIn,49878.0,44942.0,66.98,535.0,4477.0,1606.0
2025-04-18,Facebook,10045.0,952.0,34.97,2331.0,2800.0,
2025-05-27,Facebook,38754.0,18102.0,41.27,6175.0,4929.0,1563.0
2025-05-05,Twitter,34652.0,25988.0,43.3,4360.0,1248.0,2764.0
2025-05-22,LinkedIn,439.0,292.0,22.84,2505.0,,2775.0
2025-06-22,Website,45122.0,,45.59,5868.0,1782.0,2357.0
2025-05-04,Facebook,3536.0,2869.0,89.12,5656.0,614.0,644.0
2025-04-23,Instagram,5021.0,1673.0,76.4,3967.0,3128.0,2746.0
2025-05-12,LinkedIn,9045.0,2982.0,75.65,2103.0,3278.0,1938.0
2025-05-27,Twitter,14372.0,327.0,25.01,7878.0,4779.0,2568.0
2025-07-06,Twitter,29838.0,,69.92,1131.0,2318.0,495.0
2025-05-30,Facebook,2075.0,1364.0,42.16,3902.0,3614.0,1083.0
2025-04-19,LinkedIn,21730.0,7033.0,5.9,5082.0,873.0,920.0
2025-06-28,Twitter,9424.0,9367.0,2.4,9388.0,1528.0,1218.0
2025-06-08,Twitter,19715.0,16996.0,11.23,4301.0,2277.0,2848.0
2025-05-22,Instagram,18278.0,16189.0,21.69,3733.0,4434.0,1910.0
2025-07-06,Website,46803.0,38920.0,42.89,9907.0,447.0,
2025-06-15,Website,30103.0,27159.0,30.64,8716.0,490.0,1750.0
2025-06-02,Instagram,9135.0,7250.0,69.05,2415.0,2761.0,2863.0
2025-06-15,Facebook,26681.0,8261.0,42.17,4308.0,3170.0,26.0
2025-06-21,Website,12737.0,3171.0,35.97,5315.0,4658.0,1747.0
2025-06-06,Twitter,21336.0,18647.0,47.57,5768.0,1441.0,2144.0
2025-07-07,Website,8018.0,553.0,43.51,1182.0,4157.0,2890.0
2025-07-05,Facebook,39661.0,34858.0,93.73,5643.0,2890.0,1846.0
2025-07-12,Facebook,48557.0,13727.0,77.8,8730.0,2783.0,2928.0
2025-06-14,LinkedIn,22864.0,5548.0,44.8,8510.0,1125.0,2439.0
2025-06-17,Facebook,16936.0,5005.0,14.66,1268.0,4708.0,1430.0
2025-06-20,Instagram,48036.0,8714.0,72.58,7261.0,1683.0,1080.0
2025-06-05,Website,42696.0,15992.0,83.6,3059.0,2847.0,2994.0
2025-07-12,LinkedIn,10507.0,7996.0,67.73,2005.0,2240.0,2340.0
2025-05-04,Instagram,25749.0,172.0,51.16,2820.0,3426.0,1873.0
2025-05-27,Facebook,47468.0,23239.0,58.73,6484.0,279.0,233.0
2025-06-19,Website,19228.0,9049.0,65.16,4007.0,3526.0,876.0
2025-06-04,LinkedIn,31119.0,7476.0,98.8,9098.0,3510.0,2603.0
2025-06-05,LinkedIn,15841.0,14779.0,91.36,296.0,3261.0,122.0
2025-04-18,Website,26517.0,17459.0,43.64,2110.0,427.0,1409.0
2025-05-29,LinkedIn,47873.0,22493.0,6.98,9237.0,184.0,624.0
2025-05-30,LinkedIn,13787.0,12643.0,37.67,zEjSQpm6,4236.0,2561.0
2025-05-07,Instagram,777.0,201.0,75.38,8022.0,309.0,100.0
2025-05-06,Facebook,4017.0,2762.0,61.03,5943.0,764.0,1846.0
SLLXxA2x,Website,,23583.0,40.28,2917.0,2210.0,2159.0
2025-04-15,Website,42350.0,35922.0,49.45,4489.0,3655.0,1312.0
2025-07-01,Instagram,18859.0,13727.0,80.16,5731.0,3097.0,1359.0
2025-04-30,Twitter,47129.0,9125.0,3.17,8261.0,3398.0,1267.0
2025-04-29,Instagram,43909.0,16643.0,16.55,9121.0,3973.0,98.0
2025-04-20,LinkedIn,46004.0,15623.0,61.97,7263.0,1902.0,972.0
2025-06-16,Instagram,37521.0,31938.0,53.1,2513.0,3923.0,2834.0
2025-07-08,Website,34240.0,801.0,9.0,5194.0,1321.0,843.0
2025-06-22,Website,45188.0,15855.0,63.02,5477.0,185.0,1740.0
2025-06-26,Twitter,10042.0,4465.0,55.14,8626.0,2721.0,2977.0
2025-05-19,Website,37370.0,11646.0,46.45,6746.0,3425.0,2122.0
2025-06-27,Website,44300.0,686.0,57.45,3594.0,3395.0,2992.0
2025-05-25,Website,45954.0,17054.0,6.23,7312.0,4998.0,1914.0
2025-07-12,LinkedIn,39396.0,13755.0,10.87,6053.0,3687.0,687.0
2025-06-13,Website,4621.0,276.0,50.03,1208.0,4091.0,1324.0
2025-04-26,Website,,1217.0,82.29,3117.0,2351.0,1636.0
2025-05-22,Twitter,37162.0,29722.0,65.66,6949.0,1237.0,2866.0
2025-06-24,LinkedIn,41436.0,41304.0,51.88,2500.0,4192.0,1128.0
2025-05-06,Website,32550.0,31870.0,29.76,286.0,1644.0,237.0
2025-04-22,LinkedIn,29870.0,12381.0,56.62,3718.0,2871.0,704.0
2025-05-11,Website,15776.0,12138.0,82.62,6707.0,4414.0,2758.0
2025-07-02,Facebook,20581.0,1295.0,12.32,4980.0,237.0,591.0
2025-06-05,LinkedIn,21439.0,12122.0,6.57,4655.0,3539.0,2352.0
2025-05-28,Twitter,42014.0,5663.0,75.68,638.0,1038.0,197.0
,LinkedIn,14130.0,2075.0,38.39,136.0,4654.0,2866.0
2025-06-03,Facebook,18459.0,292.0,76.79,9209.0,3842.0,1156.0
2025-04-30,Twitter,23999.0,15011.0,81.02,6059.0,75.0,878.0
2025-07-02,LinkedIn,39060.0,14685.0,28.11,1266.0,3538.0,2443.0
2025-06-18,Instagram,37685.0,23856.0,62.77,4612.0,939.0,1954.0
2025-05-30,Twitter,1296.0,613.0,76.96,1042.0,1251.0,918.0
2025-06-28,Facebook,13588.0,7166.0,89.45,8288.0,731.0,2450.0
2025-05-31,Facebook,2403.0,917.0,22.48,3177.0,410.0,2815.0
2025-04-26,Facebook,37697.0,29724.0,95.38,6758.0,2986.0,2595.0
2025-04-30,Instagram,40242.0,12712.0,27.78,7681.0,887.0,450.0
2025-04-27,LinkedIn,43485.0,12724.0,22.43,7708.0,1806.0,1122.0
2025-05-21,Twitter,35047.0,26809.0,69.82,722.0,4690.0,2555.0
2025-04-25,Instagram,29449.0,21137.0,43.42,9966.0,1192.0,656.0
2025-04-30,Instagram,21199.0,12304.0,11.46,1735.0,347.0,2814.0
2025-06-02,Facebook,33169.0,5660.0,40.57,9957.0,2252.0,1887.0
2025-04-22,LinkedIn,49930.0,7919.0,31.75,5707.0,2808.0,520.0
2025-04-19,Website,26784.0,6568.0,17.31,7928.0,4516.0,205.0
2025-05-11,Twitter,18412.0,16384.0,58.25,2584.0,283.0,2287.0
2025-04-16,Website,33636.0,10710.0,35.4,8202.0,3496.0,2705.0
2025-06-07,Twitter,36304.0,26887.0,28.05,298.0,247.0,760.0
2025-04-20,LinkedIn,39655.0,18883.0,15.33,4259.0,1468.0,1356.0
2025-05-29,Twitter,26090.0,18020.0,14.96,1705.0,1042.0,1598.0
2025-07-12,Facebook,17710.0,,29.58,4492.0,2404.0,1461.0
2025-07-01,LinkedIn,31163.0,25928.0,96.08,7857.0,4364.0,1628.0
2025-05-06,Instagram,45644.0,42975.0,99.81,9589.0,1087.0,386.0
2025-07-07,Twitter,28736.0,8015.0,38.45,2584.0,3255.0,2406.0
2025-06-26,Website,28887.0,24584.0,31.01,7323.0,4238.0,1346.0
2025-05-20,Instagram,31655.0,22880.0,32.27,5147.0,1043.0,984.0
2025-06-07,,26598.0,21180.0,12.18,2242.0,3081.0,2804.0
2025-04-27,Website,16216.0,8474.0,44.11,6843.0,1113.0,795.0
2025-05-22,Twitter,29574.0,4199.0,71.69,2367.0,3685.0,221.0
2025-04-21,pFSLA46J,6702.0,3407.0,69.71,2636.0,4815.0,2562.0
2025-04-20,Website,9947.0,3503.0,46.27,6271.0,11.0,702.0
2025-06-03,Instagram,32248.0,4054.0,32.5,4843.0,3267.0,1690.0
2025-06-01,Website,49651.0,18464.0,54.2,9346.0,59.0,122.0
2025-06-18,Instagram,21616.0,20379.0,25.2,255.0,270.0,1713.0
2025-06-02,Twitter,4256.0,2483.0,69.33,4613.0,4704.0,2388.0
2025-04-27,Instagram,12170.0,422.0,86.04,8675.0,4365.0,2348.0
2025-04-17,LinkedIn,18706.0,1870.0,10.3,3733.0,2167.0,643.0
2025-04-23,Instagram,4577.0,1797.0,22.96,1716.0,2931.0,2485.0
2025-07-12,LinkedIn,31199.0,27389.0,68.46,7281.0,2195.0,106.0
2025-06-17,,25355.0,25178.0,44.61,3761.0,1008.0,998.0
2025-06-15,Twitter,39161.0,31478.0,78.87,1293.0,3025.0,2226.0
2025-04-28,Website,27992.0,22343.0,2.59,442.0,862.0,2546.0
2025-07-04,Twitter,32668.0,31039.0,76.56,1579.0,3467.0,521.0
2025-04-19,0vZkSIYa,22366.0,1749.0,74.93,5.0,2130.0,1092.0
2025-05-14,LinkedIn,3521.0,1604.0,69.85,1968.0,4513.0,2972.0
2025-06-12,LinkedIn,24878.0,3923.0,30.14,774.0,3470.0,354.0
2025-06-21,Instagram,26581.0,23438.0,15.92,6866.0,2317.0,1210.0
2025-04-24,Website,21046.0,16593.0,32.69,3714.0,2835.0,20.0
2025-05-02,Facebook,29833.0,24214.0,12.79,167.0,2094.0,172.0
2025-06-30,Facebook,7132.0,4779.0,59.34,1016.0,3883.0,2384.0
2025-06-17,Facebook,6307.0,4801.0,64.26,1858.0,WNFPo62j,122.0
2025-07-02,LinkedIn,8493.0,2438.0,34.96,5572.0,1970.0,1817.0
2025-04-15,Twitter,35959.0,25190.0,ZxXEXaMO,6771.0,3343.0,639.0
2025-07-11,Twitter,13953.0,9488.0,91.15,8999.0,527.0,2016.0
2025-05-16,Twitter,29149.0,24443.0,80.6,8049.0,3266.0,2042.0
2025-05-25,Website,29673.0,11440.0,63.34,4355.0,1859.0,2175.0
2025-06-08,Instagram,37918.0,34038.0,78.66,7141.0,1561.0,2085.0
2025-05-11,Facebook,42179.0,40913.0,16.29,7733.0,3790.0,2175.0
2025-06-09,LinkedIn,13061.0,5984.0,46.23,4889.0,1041.0,2819.0
2025-07-13,LinkedIn,20184.0,5843.0,57.33,115.0,1386.0,416.0
2025-06-21,Twitter,17511.0,7303.0,45.03,4978.0,2530.0,2713.0
2025-07-05,Website,8818.0,2013.0,20.66,4277.0,3642.0,2484.0
2025-04-21,LinkedIn,41392.0,35410.0,43.9,2354.0,4215.0,874.0
2025-06-25,Twitter,4792.0,3850.0,52.64,477.0,707.0,2793.0
2025-06-30,Facebook,32559.0,18321.0,35.59,514.0,2124.0,2905.0
2025-05-24,LinkedIn,35761.0,8833.0,86.3,7899.0,4654.0,857.0
2025-05-21,Website,42608.0,41718.0,95.85,1553.0,4977.0,1874.0
2025-05-10,Facebook,26295.0,6285.0,72.18,2649.0,4052.0,944.0
2025-06-28,Website,46705.0,45850.0,10.41,2717.0,2349.0,2196.0
2025-07-07,LinkedIn,46057.0,15900.0,95.84,6729.0,869.0,2124.0
2025-05-02,Instagram,46191.0,18787.0,33.36,4468.0,4128.0,987.0
2025-07-06,Instagram,15543.0,3446.0,0.08,9422.0,745.0,1148.0
2025-07-06,Instagram,2515.0,1666.0,7.98,384.0,4496.0,1919.0
2025-06-02,Website,27913.0,21250.0,41.2,7507.0,2458.0,710.0
2025-05-13,LinkedIn,2670.0,1227.0,64.54,8546.0,2209.0,2213.0
2025-07-03,Twitter,33851.0,16041.0,95.37,5689.0,1731.0,2215.0
2025-04-17,Twitter,17126.0,281.0,65.79,6881.0,491.0,2564.0
2025-06-26,Website,27851.0,27620.0,,5929.0,963.0,1696.0
2025-06-10,Website,23837.0,2708.0,29.41,7599.0,365.0,1043.0
2025-05-08,Twitter,9277.0,3915.0,62.54,3206.0,1213.0,101.0
2025-05-30,LinkedIn,31153.0,28058.0,25.32,493.0,2491.0,1761.0
2025-07-07,LinkedIn,47198.0,6954.0,77.49,5169.0,,428.0
2025-05-14,LinkedIn,41146.0,33063.0,55.13,5372.0,782.0,791.0
2025-04-16,Instagram,44194.0,29361.0,20.86,4578.0,1497.0,1506.0
2025-06-21,Facebook,38246.0,25690.0,80.81,4985.0,1344.0,1834.0
2025-06-12,LinkedIn,26487.0,1502.0,30.4,4079.0,3273.0,1309.0
2025-05-17,Website,18620.0,8144.0,0.13,5610.0,2818.0,2303.0
2025-06-25,LinkedIn,21804.0,16724.0,84.2,2389.0,4464.0,2372.0
2025-07-11,Facebook,31617.0,1412.0,16.31,2529.0,913.0,468.0
2025-06-12,Twitter,22885.0,13118.0,74.76,6344.0,386.0,2505.0
2025-04-20,Instagram,9712.0,7018.0,0.89,1554.0,1589.0,1336.0
2025-06-11,LinkedIn,41228.0,26099.0,58.38,9966.0,3734.0,68.0
2025-05-17,LinkedIn,13372.0,10469.0,93.41,6855.0,3681.0,920.0
2025-04-23,Facebook,15070.0,5074.0,97.26,7855.0,3339.0,2423.0
2025-05-31,Twitter,44859.0,44077.0,34.35,1031.0,4779.0,2771.0
2025-06-10,Instagram,23595.0,11744.0,69.93,6914.0,1170.0,2010.0
2025-05-10,Website,6489.0,2866.0,41.96,5917.0,3442.0,1836.0
2025-06-04,Instagram,25928.0,16107.0,24.64,1568.0,3705.0,1687.0
2025-05-08,Facebook,6205.0,5258.0,68.56,5535.0,3912.0,1416.0
2025-04-20,LinkedIn,41982.0,6064.0,,4483.0,3527.0,1270.0
2025-05-07,Instagram,45025.0,5432.0,11.55,2508.0,4076.0,2907.0
2025-05-19,Website,36143.0,7864.0,16.18,7729.0,1013.0,1399.0
2025-05-01,Twitter,7274.0,,4.88,7991.0,2326.0,1101.0
2025-07-10,Website,48830.0,31398.0,98.82,8142.0,3079.0,229.0
2025-07-13,Website,18174.0,13736.0,12.4,,4763.0,718.0
2025-06-21,Website,13156.0,9475.0,89.92,886.0,964.0,2344.0
2025-06-15,Instagram,49109.0,30404.0,46.07,8457.0,3543.0,667.0
2025-06-05,Twitter,11430.0,8514.0,89.37,3106.0,3133.0,617.0
2025-05-24,LinkedIn,23098.0,6794.0,47.42,3311.0,1843.0,910.0
2025-05-21,LinkedIn,45298.0,18615.0,94.91,cgeySxqd,4435.0,78.0
2025-04-22,Website,8772.0,177.0,2.99,7671.0,617.0,1963.0
2025-06-19,Website,11233.0,9001.0,74.47,6207.0,365.0,469.0
2025-06-25,Instagram,2236.0,541.0,74.12,2413.0,381.0,1151.0
2025-06-16,Website,,2390.0,84.31,9322.0,4952.0,680.0
2025-05-03,Instagram,5368.0,204.0,8.23,1304.0,2371.0,652.0
2025-06-11,Website,10318.0,7239.0,0.39,9262.0,2672.0,1896.0
2025-05-27,Instagram,28728.0,4161.0,96.01,8725.0,1306.0,1552.0
2025-06-25,Instagram,48526.0,31361.0,33.65,3719.0,214.0,2792.0
2025-04-22,Instagram,49443.0,25933.0,36.73,7220.0,112.0,7.0
2025-06-01,LinkedIn,39804.0,23310.0,88.06,9689.0,489.0,1918.0
2025-05-01,Twitter,21681.0,19361.0,71.07,147.0,2526.0,607.0
2025-07-09,LinkedIn,25408.0,14269.0,87.85,,611.0,689.0
2025-04-25,LinkedIn,13608.0,10692.0,43.66,5373.0,927.0,2032.0
2025-06-03,Facebook,21825.0,20157.0,73.96,4408.0,2531.0,2833.0
2025-05-24,Twitter,44366.0,25630.0,58.36,9771.0,1460.0,1618.0
2025-06-06,Facebook,21364.0,10908.0,27.87,3815.0,3237.0,373.0
2025-06-20,gB46bO4p,19753.0,8725.0,82.21,3686.0,2461.0,2422.0
2025-04-28,Instagram,49981.0,34524.0,17.64,6139.0,4699.0,793.0
2025-06-06,Website,32073.0,16490.0,66.54,5427.0,3504.0,2741.0
2025-07-09,Twitter,16521.0,7036.0,50.61,2846.0,4682.0,2956.0
2025-04-23,Instagram,26675.0,7715.0,14.91,2572.0,1127.0,2495.0
2025-05-21,Instagram,3672.0,2962.0,43.87,366.0,796.0,1920.0
2025-04-20,tQ2XPoeS,8351.0,1840.0,24.14,2246.0,4836.0,1581.0
2025-04-28,Website,35919.0,14515.0,80.02,9793.0,1103.0,2418.0
2025-06-06,Instagram,28291.0,17975.0,81.34,6383.0,4986.0,2820.0
2025-06-27,Website,16296.0,11415.0,8.18,7496.0,1098.0,1655.0
2025-05-24,LinkedIn,249.0,234.0,92.65,2676.0,2537.0,823.0
2025-07-08,Twitter,35729.0,11588.0,10.61,9576.0,3431.0,404.0
2025-06-01,Website,17409.0,5426.0,15.34,332.0,1156.0,1338.0
2025-04-19,Twitter,1209.0,927.0,84.05,3925.0,4799.0,211.0
2025-06-09,LinkedIn,28684.0,23774.0,37.66,7812.0,3401.0,1943.0
2025-06-29,LinkedIn,23479.0,22942.0,74.28,3048.0,4447.0,1469.0
2025-04-19,Instagram,27290.0,24816.0,54.88,5190.0,3757.0,2748.0
2025-06-26,Facebook,42284.0,40749.0,21.47,1926.0,226.0,974.0
2025-04-23,Twitter,275.0,79.0,58.3,4174.0,129.0,251.0
2025-06-13,Instagram,48935.0,7010.0,38.06,1984.0,3290.0,2098.0
2025-07-02,LinkedIn,48027.0,415.0,38.07,640.0,1322.0,1682.0
2025-05-03,Website,2474.0,1372.0,21.79,6615.0,4781.0,2998.0
2025-06-12,Website,26882.0,26275.0,38.35,9317.0,4015.0,318.0
2025-05-19,Twitter,42289.0,27490.0,19.27,3413.0,3341.0,713.0
2025-04-19,Website,38433.0,32572.0,57.36,5092.0,2863.0,409.0
2025-05-03,Twitter,5371.0,1330.0,34.66,186.0,2919.0,2151.0
2025-06-17,Website,5294.0,38.0,61.08,9133.0,,1842.0
2025-05-01,Twitter,21142.0,10642.0,73.55,7680.0,777.0,2330.0
2025-05-07,Instagram,4820.0,156.0,68.9,8546.0,3309.0,487.0
2025-06-11,Website,23238.0,3740.0,54.22,5921.0,890.0,1755.0
2025-06-09,Website,38886.0,36320.0,39.7,1904.0,3383.0,772.0
2025-05-28,LinkedIn,28554.0,26217.0,41.4,3237.0,3253.0,1115.0
2025-06-20,LinkedIn,21214.0,544.0,82.41,7482.0,1954.0,266.0
2025-04-22,Website,5878.0,2968.0,68.1,5140.0,4423.0,998.0
2025-06-29,Instagram,41322.0,25573.0,5.3,3601.0,4661.0,248.0
2025-04-30,Instagram,42067.0,32650.0,87.24,7902.0,1929.0,2401.0
2025-06-06,Twitter,45967.0,30366.0,4.31,3903.0,911.0,1653.0
2025-07-03,LinkedIn,14826.0,7777.0,57.28,8385.0,2188.0,1309.0
2025-06-07,Facebook,13775.0,12180.0,22.08,,1049.0,600.0
2025-06-18,Website,zYii16od,5634.0,11.05,9295.0,2106.0,2028.0
2025-07-04,Twitter,38852.0,6429.0,36.19,8232.0,1527.0,2293.0
2025-05-12,Twitter,45286.0,2675.0,53.48,655.0,3879.0,2094.0
2025-06-16,Website,43822.0,653.0,64.31,9838.0,2442.0,1100.0
2025-05-03,LinkedIn,20421.0,18535.0,45.69,2499.0,3474.0,2180.0
2025-04-29,Instagram,12463.0,4183.0,64.78,1753.0,3531.0,1230.0
2025-05-09,Facebook,25768.0,14604.0,48.86,3795.0,2248.0,2139.0
2025-06-11,LinkedIn,37687.0,28990.0,47.21,7776.0,2612.0,2941.0
2025-06-21,Twitter,24918.0,14863.0,29.99,5537.0,2675.0,1495.0
2025-07-09,Website,47921.0,42009.0,59.47,9026.0,2031.0,2903.0
2025-05-06,Website,35759.0,33365.0,33.01,7373.0,2767.0,2671.0
2025-06-16,Website,516.0,461.0,36.31,5697.0,1207.0,2727.0
2025-06-15,Website,45694.0,18961.0,55.49,1937.0,1888.0,896.0
2025-04-25,Instagram,45799.0,38948.0,8.68,791.0,3389.0,181.0
2025-05-25,Twitter,13508.0,5703.0,46.45,802.0,1479.0,2006.0
2025-05-18,Facebook,45378.0,34267.0,20.36,8186.0,2509.0,611.0
2025-05-29,Instagram,36124.0,32959.0,80.98,3175.0,3907.0,2917.0
2025-05-31,LinkedIn,31546.0,14456.0,29.07,4540.0,3169.0,2000.0
2025-05-27,LinkedIn,29851.0,1531.0,97.58,5462.0,1216.0,160.0
2025-06-29,Twitter,26613.0,12564.0,98.96,8097.0,990.0,1061.0
2025-04-25,Website,26837.0,6831.0,49.93,2238.0,838.0,2730.0
2025-07-07,Facebook,27693.0,20307.0,53.04,3046.0,1917.0,172.0
2025-07-03,Website,14883.0,13031.0,90.4,6745.0,4552.0,747.0
2025-05-26,Twitter,42552.0,5.0,70.71,9969.0,751.0,2704.0
2025-05-15,Twitter,26344.0,14883.0,92.47,7786.0,65.0,59.0
2025-05-05,Instagram,7238.0,4754.0,41.5,3233.0,2989.0,929.0
2025-05-25,Twitter,37189.0,33053.0,49.52,2303.0,2058.0,1532.0
2025-06-11,Website,23011.0,12836.0,77.13,3019.0,3353.0,480.0
2025-05-02,Website,31719.0,14147.0,41.13,177.0,1357.0,1467.0
2025-05-20,Website,13806.0,3697.0,14.55,6139.0,540.0,2241.0
2025-04-29,Twitter,10926.0,2042.0,17.32,2503.0,2394.0,1989.0
2025-06-22,LinkedIn,26103.0,17586.0,39.96,7798.0,3273.0,949.0
2025-05-18,Instagram,26133.0,7505.0,63.32,6175.0,1332.0,1205.0
2025-06-29,Website,35840.0,33718.0,7.32,705.0,2853.0,2210.0
2025-06-25,Instagram,30873.0,26385.0,85.1,4073.0,3417.0,286.0
2025-06-01,Website,13264.0,6798.0,41.07,443.0,4687.0,1847.0
2025-05-09,Website,24641.0,16817.0,21.08,288.0,3855.0,2451.0
2025-06-23,LinkedIn,3222.0,1254.0,89.52,3583.0,3880.0,880.0
2025-04-20,Instagram,43733.0,8171.0,77.67,2299.0,2673.0,2164.0
2025-06-30,Instagram,36643.0,21843.0,75.62,2432.0,3420.0,390.0
2025-05-20,Facebook,,10165.0,94.44,1343.0,4426.0,1103.0
2025-06-22,Facebook,5882.0,3099.0,37.0,1882.0,2543.0,2363.0
2025-06-03,Instagram,31378.0,13997.0,58.61,6916.0,,2921.0
2025-07-12,Twitter,39109.0,29785.0,43.34,5645.0,3263.0,1517.0
2025-06-10,Twitter,28598.0,22911.0,4.32,8392.0,1652.0,637.0
2025-05-13,Instagram,28403.0,22334.0,11.37,1205.0,4750.0,358.0
2025-07-12,Twitter,47058.0,6627.0,71.55,6197.0,1227.0,1138.0
2025-04-18,Website,12298.0,9962.0,13.04,7782.0,353.0,60.0
2025-05-19,Facebook,22462.0,533.0,76.0,8314.0,4330.0,16.0
2025-06-14,Instagram,45628.0,24701.0,Vzcg3lhM,,587.0,1692.0
2025-06-25,LinkedIn,48881.0,8989.0,44.49,7425.0,1671.0,1707.0
2025-04-15,Facebook,31310.0,19357.0,13.65,1170.0,3452.0,2952.0
2025-06-24,Twitter,42054.0,30132.0,98.09,4385.0,3902.0,58.0
2025-04-28,Facebook,9260.0,3026.0,30.62,2653.0,543.0,
2025-06-03,Twitter,28779.0,20293.0,3.58,4931.0,908.0,2477.0
2025-07-07,LinkedIn,12452.0,6527.0,95.8,7535.0,585.0,2040.0
2025-07-11,Twitter,40486.0,43.0,62.9,7032.0,2323.0,1300.0
2025-05-15,Website,21318.0,4032.0,44.81,7680.0,771.0,1366.0
2025-05-10,Instagram,45195.0,4636.0,22.07,5150.0,3436.0,2245.0
